Link,Status,Arquivo
https://drive.google.com/open?id=1Ke3IlyxjtAddBMclIQBzo00VmlOqGVEP,ERRO,download() got an unexpected keyword argument 'fuzzy'
https://drive.google.com/open?id=1Fr0Fwa6FbRuCvEa3c1QkyfJ9qOugXcO6,ERRO,download() got an unexpected keyword argument 'fuzzy'
https://drive.google.com/open?id=1lOUCuhdZ-9LLGAj97p2ZTalDpKlIB44X,ERRO,download() got an unexpected keyword argument 'fuzzy'
https://drive.google.com/open?id=1IlCEcdZLfaGGdddNS-io45CAzo2cLJhc,ERRO,download() got an unexpected keyword argument 'fuzzy'
https://drive.google.com/open?id=1Mmr-XSfnWNWrdRPeWjj44rq2ABxSkxRx,ERRO,download() got an unexpected keyword argument 'fuzzy'
https://drive.google.com/open?id=18BDp6Q-AjJmivSUJuMewE6aqN2zaylv3,ERRO,download() got an unexpected keyword argument 'fuzzy'
https://drive.google.com/open?id=1tt9p3-dbj27p1hUOXE7cN7RQLqdvB8oS,ERRO,download() got an unexpected keyword argument 'fuzzy'
https://drive.google.com/open?id=16vr5F5DVR-FOReWy38Zd2iXxXC98nHPR,ERRO,download() got an unexpected keyword argument 'fuzzy'
https://drive.google.com/open?id=148LAwshJonBzb6DzRWKjYPCL8NDZfPyt,ERRO,download() got an unexpected keyword argument 'fuzzy'
https://drive.google.com/open?id=1h55aUIyicQCBmPJYNiuARkUSzpGxpZL8,ERRO,download() got an unexpected keyword argument 'fuzzy'
https://drive.google.com/open?id=1zSAr7zS40rvvHGeNj10gwl-vyy1LglMD,ERRO,download() got an unexpected keyword argument 'fuzzy'
https://drive.google.com/open?id=1AYnalBbxPt1OenJs21_P5LTGWdxHsEx-,ERRO,download() got an unexpected keyword argument 'fuzzy'
https://drive.google.com/open?id=1zmLqAb3GIMVNlgca2Cxu-JwqSX47S72X,ERRO,download() got an unexpected keyword argument 'fuzzy'
https://drive.google.com/open?id=1fXxFGBeyVb4uTkmpkEHgL4Ysa9dg-5dY,ERRO,download() got an unexpected keyword argument 'fuzzy'
https://drive.google.com/open?id=1Cc7fUqxLDRREd_4b_v_EUIA0Vm80EEnt,ERRO,download() got an unexpected keyword argument 'fuzzy'
https://drive.google.com/open?id=10jC7SauPd0Is-RDUB3hVPf8axA3nI4lm,ERRO,download() got an unexpected keyword argument 'fuzzy'
https://drive.google.com/open?id=1XQ8Vp1E1YpASfGMv2Bt_wV8lSGN3KKtf,ERRO,download() got an unexpected keyword argument 'fuzzy'
https://drive.google.com/open?id=1Enf2zs3LAxM5QiJEGYyvIOq6fqq1Kl_z,ERRO,download() got an unexpected keyword argument 'fuzzy'
https://drive.google.com/open?id=1Xxtt5oXZtAzcsxROffvmKbWj-7oriwqu,ERRO,download() got an unexpected keyword argument 'fuzzy'
https://drive.google.com/open?id=156LfmdWMsDYJxg1MAgVRtx9Hq5i3HFCg,ERRO,download() got an unexpected keyword argument 'fuzzy'
https://drive.google.com/open?id=1LqhoRtVWjoXgZJhL2uvbT-cm5kgxI_l7,ERRO,download() got an unexpected keyword argument 'fuzzy'
https://drive.google.com/open?id=1bBfEh5dTCuwqWSHgMDhErfdKP336b4iX,ERRO,download() got an unexpected keyword argument 'fuzzy'
https://drive.google.com/open?id=1F-8BRrfspiYpXWI9o-QGlR8SMtQP5h8o,ERRO,download() got an unexpected keyword argument 'fuzzy'
https://drive.google.com/open?id=1CLdwMSRY7mDWdgoK6BzHjz0ZUu734PPE,ERRO,download() got an unexpected keyword argument 'fuzzy'
https://drive.google.com/open?id=1x-Wzg03jHhdtV385fhKn_O1jJ_KQHIyy,ERRO,download() got an unexpected keyword argument 'fuzzy'
https://drive.google.com/open?id=1lLNOsD_ZicUNYkHHqcmxUYOaesNXxWDt,ERRO,download() got an unexpected keyword argument 'fuzzy'
https://drive.google.com/open?id=10-6t9EXirnCuWUn2mL2dNPkF5HwlBzD4,ERRO,download() got an unexpected keyword argument 'fuzzy'
https://drive.google.com/open?id=1ZVeu7WDmtW4BKe9Ct9mJ9mPlBtLj7elQ,ERRO,download() got an unexpected keyword argument 'fuzzy'
https://drive.google.com/open?id=11Rc66NST_WwF7l1eWUd8Riz7Ey7WMyhJ,ERRO,download() got an unexpected keyword argument 'fuzzy'
https://drive.google.com/open?id=11bzNmxsjTv3VuVw9KFSukZW7HouodRDv,ERRO,download() got an unexpected keyword argument 'fuzzy'
https://drive.google.com/open?id=1vRUP9OwKAPRz3m2Q9-RXZpRn03gp0YzG,ERRO,download() got an unexpected keyword argument 'fuzzy'
https://drive.google.com/open?id=1jJS1iyJmUShEo1XG1jHDS7aEpNmaG9lI,ERRO,download() got an unexpected keyword argument 'fuzzy'
https://drive.google.com/open?id=1Q2G0ahmKc4C6jQOovubSvH-_GKhiaHlK,ERRO,download() got an unexpected keyword argument 'fuzzy'
https://drive.google.com/open?id=1YgvliL1MxBva5sAPs7Kj3oLu5b84WlX-,ERRO,download() got an unexpected keyword argument 'fuzzy'
https://drive.google.com/open?id=1zT3xI9qXcygxlhgck04LvXR2e9SjaqIT,ERRO,download() got an unexpected keyword argument 'fuzzy'
https://drive.google.com/open?id=1JN0dZyIP4pXIHO2E9FdCUreYeiogxDjr,ERRO,download() got an unexpected keyword argument 'fuzzy'
https://drive.google.com/open?id=1J7LNViOp1wWc5Ea8qfkWgD2MAIkgmpV8,ERRO,download() got an unexpected keyword argument 'fuzzy'
https://drive.google.com/open?id=17ZI5Px87f5yXXPez1CayX3bTzTbN22uz,ERRO,download() got an unexpected keyword argument 'fuzzy'
https://drive.google.com/open?id=1cC-WzJccUQAhrSjtc1HURca6jMppwMJd,ERRO,download() got an unexpected keyword argument 'fuzzy'
https://drive.google.com/open?id=1g1gktfOnbsyO2-BAIGxgnjSIoLrnMU_l,ERRO,download() got an unexpected keyword argument 'fuzzy'
https://drive.google.com/open?id=1XhNCPGFVEsZa_ClTFMydjZtsIqrT8JQ8,ERRO,download() got an unexpected keyword argument 'fuzzy'
https://drive.google.com/open?id=12zuuQl0GL9s6gEBD-yEdF_EwhcsSAKMB,ERRO,download() got an unexpected keyword argument 'fuzzy'
https://drive.google.com/open?id=123unR4E3SBJvdp_nTOcqSnEh1lrCCHVC,ERRO,download() got an unexpected keyword argument 'fuzzy'
https://drive.google.com/open?id=1dTeq0pIjKPozB3p7t5kjkhzEg8szXgn7,ERRO,download() got an unexpected keyword argument 'fuzzy'
https://drive.google.com/open?id=10NhMTORH6UFoUC9t90sN7AeMQwgrhzcR,ERRO,download() got an unexpected keyword argument 'fuzzy'
https://drive.google.com/open?id=1WYXE9hh8lI7lGvn1srUajCG7hZN3Zeet,ERRO,download() got an unexpected keyword argument 'fuzzy'
https://drive.google.com/open?id=1f4TFrJu0BukpfLK3TjZyexujjR9CiikJ,ERRO,download() got an unexpected keyword argument 'fuzzy'
https://drive.google.com/open?id=1VVBOk-iI8z4GaJcLu9BWquMaS31CG2nQ,ERRO,download() got an unexpected keyword argument 'fuzzy'
https://drive.google.com/open?id=1I5MgpZzB20lIAUTgeRYid2mCasg-HzMl,ERRO,download() got an unexpected keyword argument 'fuzzy'
https://drive.google.com/open?id=1Vf_Ju6AAqu6oCWEvZKjC5Izk2HHrSCuK,ERRO,download() got an unexpected keyword argument 'fuzzy'
https://drive.google.com/open?id=1Y8gaVZXZXBPOlr-z4Y8V9blkXet5bjz5,ERRO,download() got an unexpected keyword argument 'fuzzy'
https://drive.google.com/open?id=1INjk4re3ZOovb7QZmI0cB_8qtHfrjKTb,ERRO,download() got an unexpected keyword argument 'fuzzy'
https://drive.google.com/open?id=1oBU8E6C3g79q8WX04m_tUVvJ5A4xvQFL,ERRO,download() got an unexpected keyword argument 'fuzzy'
https://drive.google.com/open?id=17b93u7ywdGy671uFh8FdSw0x0gUfiQmi,ERRO,download() got an unexpected keyword argument 'fuzzy'
https://drive.google.com/open?id=18n4CMb96nl79Wq89eo96rJTEdNn5j7t_,ERRO,download() got an unexpected keyword argument 'fuzzy'
https://drive.google.com/open?id=1ImAsKb_UAgrw2ybRvjuLuLkPuHvlKPxq,ERRO,download() got an unexpected keyword argument 'fuzzy'
https://drive.google.com/open?id=1HtZKZokuinGmumZLXseQlqmFsfdP72kb,ERRO,download() got an unexpected keyword argument 'fuzzy'
https://drive.google.com/open?id=1wZ3Pbd5qd0_9-aeIT0epkJysAIjB0imW,ERRO,download() got an unexpected keyword argument 'fuzzy'
https://drive.google.com/open?id=10StWELexSCILYlT2JYE1xQq0Ondpz5rV,ERRO,download() got an unexpected keyword argument 'fuzzy'
https://drive.google.com/open?id=1xVrYy3eELKl6mWvruOXUSxzBwrqGZBW_,ERRO,download() got an unexpected keyword argument 'fuzzy'
https://drive.google.com/open?id=1dr39otC8U9fxv2T6e79HdBuhugyMBPqQ,ERRO,download() got an unexpected keyword argument 'fuzzy'
https://drive.google.com/open?id=1EQSc20_WWQNOioK5yrd9yjoaPQtGnGcm,ERRO,download() got an unexpected keyword argument 'fuzzy'
https://drive.google.com/open?id=1ix5pBkfjVrwT2LII2Gf7SGg9tmZcxsDB,ERRO,download() got an unexpected keyword argument 'fuzzy'
https://drive.google.com/open?id=12vZnp63COvRX2U3xMOVzk2Wozn6GxrBU,ERRO,download() got an unexpected keyword argument 'fuzzy'
https://drive.google.com/open?id=19dOFGk-IV_-C98vtiwBX7qVjFIVRDRU9,ERRO,download() got an unexpected keyword argument 'fuzzy'
https://drive.google.com/open?id=1XpW4_wzMu2HkxErgcCrfE-Qv7xTKY9L_,ERRO,download() got an unexpected keyword argument 'fuzzy'
https://drive.google.com/open?id=1IDUAnoAIZL9cL5-EI9b1s8aVUcJqk0fB,ERRO,download() got an unexpected keyword argument 'fuzzy'
https://drive.google.com/open?id=1ANFCQfdrYRxl0x-pBqOPn6yvaGQodzWD,ERRO,download() got an unexpected keyword argument 'fuzzy'
https://drive.google.com/open?id=1cGqilGG_dbzxmMOpvm4oqlG3BeQxoKHu,ERRO,download() got an unexpected keyword argument 'fuzzy'
https://drive.google.com/open?id=1K_nrVWuiQJ9EWW7cKZpedcSeDIE8QmLr,ERRO,download() got an unexpected keyword argument 'fuzzy'
https://drive.google.com/open?id=1Rt8l4FUW51GC-4T7s0a5Ix3Ff52pOL8A,ERRO,download() got an unexpected keyword argument 'fuzzy'
https://drive.google.com/open?id=1rrZo9HPLC4diMLEFqmDuIxEJdDs6pzJR,ERRO,download() got an unexpected keyword argument 'fuzzy'
https://drive.google.com/open?id=1DzezV2aDo37zU24F3M5lRNiNJMUPQx0p,ERRO,download() got an unexpected keyword argument 'fuzzy'
https://drive.google.com/open?id=1BxPMOAnFTeyB49tpvgUhZ9ZbhGwYJRqS,ERRO,download() got an unexpected keyword argument 'fuzzy'
https://drive.google.com/open?id=14CTao7dYLRjnWVmQyvtPOoBtDcDZP__H,ERRO,download() got an unexpected keyword argument 'fuzzy'
https://drive.google.com/open?id=1_wIOkq11mDKP_cFPZu2Iy8VayfehlZ1f,ERRO,download() got an unexpected keyword argument 'fuzzy'
https://drive.google.com/open?id=10Om3AyD_9e_5zIdayNvi80FdpOiPSLC7,ERRO,download() got an unexpected keyword argument 'fuzzy'
https://drive.google.com/open?id=1pP4omlHQv7plcAZYEPyOOQMHxoyl7qz2,ERRO,download() got an unexpected keyword argument 'fuzzy'
https://drive.google.com/open?id=1qkrIWHv8Og-PMjj6uhgNgNJUwb-2gDIo,ERRO,download() got an unexpected keyword argument 'fuzzy'
https://drive.google.com/open?id=1dyMgxcDxoPCAH14aWqvcYyJK5Nge0gnr,ERRO,download() got an unexpected keyword argument 'fuzzy'
https://drive.google.com/open?id=1I3sNOjWx0X87kKyiASZ57eK7t-e1oRpr,ERRO,download() got an unexpected keyword argument 'fuzzy'
https://drive.google.com/open?id=1WfO6tYqdIbajYGSrQckih0HLw7YsvXGP,ERRO,download() got an unexpected keyword argument 'fuzzy'
https://drive.google.com/open?id=17wlXI_TqY1IRnhoQVZ8IR34p2KXJmeK3,ERRO,download() got an unexpected keyword argument 'fuzzy'
https://drive.google.com/open?id=1Dtd6hsOtqtGR8seCud1lFzl49M-w7pRT,ERRO,download() got an unexpected keyword argument 'fuzzy'
https://drive.google.com/open?id=1btsK3JSAbeY0WU5aXjJWGRrMGMf8nMbo,ERRO,download() got an unexpected keyword argument 'fuzzy'
https://drive.google.com/open?id=1JuTH5w38IiNmPGUwa6jpzGsxsIjB0_Gn,ERRO,download() got an unexpected keyword argument 'fuzzy'
https://drive.google.com/open?id=1iWKWr68d-1VH88I2jraW-gMlA1vwUVpT,ERRO,download() got an unexpected keyword argument 'fuzzy'
https://drive.google.com/open?id=1JBIIvQHCeJmoExSWUwhjArP3uAb8EJ-2,ERRO,download() got an unexpected keyword argument 'fuzzy'
https://drive.google.com/open?id=1YkmeSjdWXE828KR5phK6MdZoynaPI2ro,ERRO,download() got an unexpected keyword argument 'fuzzy'
https://drive.google.com/open?id=1Y6qyOBz8AWJiY_0ipG5ilqnF8jwqrTfn,ERRO,download() got an unexpected keyword argument 'fuzzy'
https://drive.google.com/open?id=1zqDbQvIZDDoC5DR3KZ799zc_bO49OxFy,ERRO,download() got an unexpected keyword argument 'fuzzy'
https://drive.google.com/open?id=1i2-6U_NY2vkiR8AvgVwLzIXoDnrbo2CF,ERRO,download() got an unexpected keyword argument 'fuzzy'
https://drive.google.com/open?id=14Oxur3fFNKlSliFZ14oT5DAPpGwgRbmt,ERRO,download() got an unexpected keyword argument 'fuzzy'
https://drive.google.com/open?id=1zFGjcgZwGXs3igEtPvNw4fHSrXQCt_-F,ERRO,download() got an unexpected keyword argument 'fuzzy'
https://drive.google.com/open?id=1BKM8fdg2a3UU7QNPbv3CyKnWcpBbOtv0,ERRO,download() got an unexpected keyword argument 'fuzzy'
https://drive.google.com/open?id=1FEPO8HGHECzt5TFO0thPYRlSTWse1fyM,ERRO,download() got an unexpected keyword argument 'fuzzy'
https://drive.google.com/open?id=14A5VFq_-GbR12w9Ae2Bi4IGh6lCvTU7q,ERRO,download() got an unexpected keyword argument 'fuzzy'
https://drive.google.com/open?id=1d_YIz6XBmilLBaYLkmKsCC6h5ugcOgjR,ERRO,download() got an unexpected keyword argument 'fuzzy'
https://drive.google.com/open?id=1ZjlYXcIe349o1NfoN3fD5ghKUFCLXj0G,ERRO,download() got an unexpected keyword argument 'fuzzy'
https://drive.google.com/open?id=1_agxWI94M8YMLMOx3aoEXGGjbKxuBqkh,ERRO,download() got an unexpected keyword argument 'fuzzy'
https://drive.google.com/open?id=1wqzgbhBV4kHXtGRwPuF6bGbHXa_gXnt5,ERRO,download() got an unexpected keyword argument 'fuzzy'
https://drive.google.com/open?id=1U2Qvc1IE9XE8MjvBX4X3qshwKhZCbTc0,ERRO,download() got an unexpected keyword argument 'fuzzy'
https://drive.google.com/open?id=16V1cY4O7wnfXtwplAejYs3H5olHFdlbG,ERRO,download() got an unexpected keyword argument 'fuzzy'
https://drive.google.com/open?id=1zrs9nP62feP7COz-D0b_XcF0MOYBMw3y,ERRO,download() got an unexpected keyword argument 'fuzzy'
https://drive.google.com/open?id=1IfM7Ax6ytHXLuIBxNLKDijOBbZLPLjTc,ERRO,download() got an unexpected keyword argument 'fuzzy'
https://drive.google.com/open?id=1JDCtKANWeEhKzCmbThcPkEfVC309qU95,ERRO,download() got an unexpected keyword argument 'fuzzy'
https://drive.google.com/open?id=1UKTyIeOVoA-lvhN-nAmPIYxX9Un-UsZ9,ERRO,download() got an unexpected keyword argument 'fuzzy'
https://drive.google.com/open?id=1BGcMEJCvgkKIM9ncUE2P9f2uj8LtBSbB,ERRO,download() got an unexpected keyword argument 'fuzzy'
https://drive.google.com/open?id=195qvQ7dQglhPREsR_wExk8thi4zb5c4D,ERRO,download() got an unexpected keyword argument 'fuzzy'
https://drive.google.com/open?id=1upkp_jh2psZb3KrJ1qxT83jiWNN80hjs,ERRO,download() got an unexpected keyword argument 'fuzzy'
https://drive.google.com/open?id=1On1ZzBcJthuogIfzHV927PD3Fbg13ANM,ERRO,download() got an unexpected keyword argument 'fuzzy'
https://drive.google.com/open?id=1AMxwFGWnJ0tm6sn_M6j9WDj3fad4QIc1,ERRO,download() got an unexpected keyword argument 'fuzzy'
https://drive.google.com/open?id=17B1438wmSLvR7sH_a_afaGB7W5woykIG,ERRO,download() got an unexpected keyword argument 'fuzzy'
https://drive.google.com/open?id=1PwybyHe6kPswincMxENLKnQwEweXtvur,ERRO,download() got an unexpected keyword argument 'fuzzy'
https://drive.google.com/open?id=1skHrPQp761X0ZqY6eJ163xx5HTmyGSrA,ERRO,download() got an unexpected keyword argument 'fuzzy'
https://drive.google.com/open?id=1Sg5La9wyTOpwcnBE1PFel2ILCSpS5OIs,ERRO,download() got an unexpected keyword argument 'fuzzy'
https://drive.google.com/open?id=15chuXC6AHWry63B5aFyYU8TZCp3GRFH8,ERRO,download() got an unexpected keyword argument 'fuzzy'
https://drive.google.com/open?id=1XjeaKa-skfQtdfOyggqJCKHbi9scrp2m,ERRO,download() got an unexpected keyword argument 'fuzzy'
https://drive.google.com/open?id=1-G3fGhJA_0BoX7GpkuY3H9YX7AVESLHf,ERRO,download() got an unexpected keyword argument 'fuzzy'
https://drive.google.com/open?id=1rTY_tbGt050WkVotdswO9J2cdCDfpo_T,ERRO,download() got an unexpected keyword argument 'fuzzy'
https://drive.google.com/open?id=1VHUY2opLxpNr9ZpC_5_07wK0LSJg8H4l,ERRO,download() got an unexpected keyword argument 'fuzzy'
https://drive.google.com/open?id=1W9EdxBbW_DuOIjPbvZtNgkjJ44OO2VD0,ERRO,download() got an unexpected keyword argument 'fuzzy'
https://drive.google.com/open?id=11EzMNfs2XakJzLXjrLcnGZV4AY-Y3YPW,ERRO,download() got an unexpected keyword argument 'fuzzy'
https://drive.google.com/open?id=1aDBoRc8hQ5UECtrVsYh04ENSVRs-61mv,ERRO,download() got an unexpected keyword argument 'fuzzy'
https://drive.google.com/open?id=1off4VV-rtSu7XJCyD3PRBXrH00FPaiXV,ERRO,download() got an unexpected keyword argument 'fuzzy'
https://drive.google.com/open?id=1_AvNpmMb5wnh-oR8ChEKlaoig8GPcgxP,ERRO,download() got an unexpected keyword argument 'fuzzy'
https://drive.google.com/open?id=1rH1CE5pTh-QpYAn2MN94l2053NCR5oMj,ERRO,download() got an unexpected keyword argument 'fuzzy'
https://drive.google.com/open?id=1G37LHXjGi3pXtTxLw-b34G22vRz_RYsd,ERRO,download() got an unexpected keyword argument 'fuzzy'
https://drive.google.com/open?id=1gKW58PZwFWA0-Tl8blVm7jEtoyaGHBFM,ERRO,download() got an unexpected keyword argument 'fuzzy'
https://drive.google.com/open?id=1lI87POsWsymrca2GaO_X6xbovZ_1l1AS,ERRO,download() got an unexpected keyword argument 'fuzzy'
https://drive.google.com/open?id=1t5DD7x2DWJdHOAL1zZ7yTS4Cu6ucXlcI,ERRO,download() got an unexpected keyword argument 'fuzzy'
https://drive.google.com/open?id=1bnejTKmDMk345x0k2L3YgcDHUiMOe4-K,ERRO,download() got an unexpected keyword argument 'fuzzy'
https://drive.google.com/open?id=1dg7-OU-4_YSVRyhczPQfkt7CDaywNnhk,ERRO,download() got an unexpected keyword argument 'fuzzy'
https://drive.google.com/open?id=1nTGcX7HFeAURdXwB9mpWC0BdeKPsPjdC,ERRO,download() got an unexpected keyword argument 'fuzzy'
https://drive.google.com/open?id=1vxG-_EQP3DOUBdATnHHxQS_63isoiRZK,ERRO,download() got an unexpected keyword argument 'fuzzy'
https://drive.google.com/open?id=1stLnVDrJ0KyRlONO-6O6DSXHePhTWqCg,ERRO,download() got an unexpected keyword argument 'fuzzy'
https://drive.google.com/open?id=1TKXwN7gGup1pMDVhDqjk2dfpiuNB40n_,ERRO,download() got an unexpected keyword argument 'fuzzy'
https://drive.google.com/open?id=1gy0o45Ppv719QcB_SHgFiD3m3o5-8dNn,ERRO,download() got an unexpected keyword argument 'fuzzy'
https://drive.google.com/open?id=1_k2Z5TaBPjgQORVvqlxOqhWVNFc0adC1,ERRO,download() got an unexpected keyword argument 'fuzzy'
https://drive.google.com/open?id=1vPbvBHlYhnUoykFhdOTpV4Tr5sSY0WzI,ERRO,download() got an unexpected keyword argument 'fuzzy'
https://drive.google.com/open?id=1lf3dBXPm9xhl79Cz3DjwR1OEJRAei95n,ERRO,download() got an unexpected keyword argument 'fuzzy'
https://drive.google.com/open?id=1aMjotsjfRlZAkVDjJDPwUoucK_F32lts,ERRO,download() got an unexpected keyword argument 'fuzzy'
https://drive.google.com/open?id=17Jhb8DN7uKR0iwTr_XaqBPROvyXyyov9,ERRO,download() got an unexpected keyword argument 'fuzzy'
https://drive.google.com/open?id=1VEMro5wSmrUjlRFvDwO82tb8F5zAYN5A,ERRO,download() got an unexpected keyword argument 'fuzzy'
https://drive.google.com/open?id=1TDHW7JjDLxClacuXUWLBRz4fDQLxwZHx,ERRO,download() got an unexpected keyword argument 'fuzzy'
https://drive.google.com/open?id=1WOYnWvJ748sl20rFSGQuR2n6Celv9sIC,ERRO,download() got an unexpected keyword argument 'fuzzy'
https://drive.google.com/open?id=18KpYibZcU5KPdaa-ic0PTSfm9kGzdiJ0,ERRO,download() got an unexpected keyword argument 'fuzzy'
https://drive.google.com/open?id=16YaLIVdyt_t9ySKKBiCRC-YAaeM8QobA,ERRO,download() got an unexpected keyword argument 'fuzzy'
https://drive.google.com/open?id=1izH0CvGA22a-B3Jwrunvkf5GeqjboNz3,ERRO,download() got an unexpected keyword argument 'fuzzy'
https://drive.google.com/open?id=1MTaY3jvYtwvwWR8vmF5WA8IIiaAKTq3V,ERRO,download() got an unexpected keyword argument 'fuzzy'
https://drive.google.com/open?id=1HlZky-dFgAaluW8m1p1_y5Q6rXcTqC3R,ERRO,download() got an unexpected keyword argument 'fuzzy'
https://drive.google.com/open?id=1GnFnLPBogZnfTDHymfP96HRbByrQ0kgp,ERRO,download() got an unexpected keyword argument 'fuzzy'
https://drive.google.com/open?id=155bASqIB5b-8-caOpRPQGMgdhVUs5QnR,ERRO,download() got an unexpected keyword argument 'fuzzy'
https://drive.google.com/open?id=1raiQDa-UrqEm5mw-JkVfbKLOkzoDF4OA,ERRO,download() got an unexpected keyword argument 'fuzzy'
https://drive.google.com/open?id=1Kbn6QyVDGpQaFAeaj89aWHn6epHk-ZjT,ERRO,download() got an unexpected keyword argument 'fuzzy'
https://drive.google.com/open?id=129-wYEjhUBIjCpKTIgRN6Fh-6pZ9sK7Q,ERRO,download() got an unexpected keyword argument 'fuzzy'
https://drive.google.com/open?id=1I8krFfosNzEIerDG3_8ktqBC25LBM7_r,ERRO,download() got an unexpected keyword argument 'fuzzy'
https://drive.google.com/open?id=1-yn80VJT8rQ0y4lMMK4WZMfhcKjTS3B1,ERRO,download() got an unexpected keyword argument 'fuzzy'
https://drive.google.com/open?id=1-H2LbrA-FyziHglU3JIrZPzJ2UQdEqvV,ERRO,download() got an unexpected keyword argument 'fuzzy'
https://drive.google.com/open?id=1m7xF1QDmqd-gLyiDoiZ5qvFYJCssFxg3,ERRO,download() got an unexpected keyword argument 'fuzzy'
https://drive.google.com/open?id=1vQWEpoPmVfpfgeNG-OP2vWe2sdbZCcJ0,ERRO,download() got an unexpected keyword argument 'fuzzy'
https://drive.google.com/open?id=1DllSEFK-sRJ4LXNpIj9MmHt8QDK4cwX4,ERRO,download() got an unexpected keyword argument 'fuzzy'
https://drive.google.com/open?id=18NeD0QUYhGJ8DNeSvEJkyeMsGpFkr2ov,ERRO,download() got an unexpected keyword argument 'fuzzy'
https://drive.google.com/open?id=1n_tQESZkuPgqbsasJnNRx5wmc2PTbF6Y,ERRO,download() got an unexpected keyword argument 'fuzzy'
https://drive.google.com/open?id=1zjimEM5apUV8p4W-xIJx2frw4LIw1_Fn,ERRO,download() got an unexpected keyword argument 'fuzzy'
https://drive.google.com/open?id=16sVoDpXqs0FvBDVUUlCMEsWGgYldMnLH,ERRO,download() got an unexpected keyword argument 'fuzzy'
https://drive.google.com/open?id=1schGT3ek9M5LSOoKsqyBmiNZUTjufHdx,ERRO,download() got an unexpected keyword argument 'fuzzy'
https://drive.google.com/open?id=1mp9pvpC6mJQy_SJAJFvi6uVHMcTW7QF-,ERRO,download() got an unexpected keyword argument 'fuzzy'
https://drive.google.com/open?id=1oZa6OpES57SQOJxGl1MWC2bSSJJle0aJ,ERRO,download() got an unexpected keyword argument 'fuzzy'
https://drive.google.com/open?id=1ylwK_tnwwLNu4WwBTrfSnifbYFLVmKZO,ERRO,download() got an unexpected keyword argument 'fuzzy'
https://drive.google.com/open?id=1z0Fxn9J5NsxDILSZHfGojN1tQEs6eoUR,ERRO,download() got an unexpected keyword argument 'fuzzy'
https://drive.google.com/open?id=1Vv8pxuq2c3X__0WaaSZW16CVdHwt5TV4,ERRO,download() got an unexpected keyword argument 'fuzzy'
https://drive.google.com/open?id=1zNPS-sKMqSTYUbYhTPy7gmbF7A2XTaJY,ERRO,download() got an unexpected keyword argument 'fuzzy'
https://drive.google.com/open?id=1ZdnwxwBRoNyjoAg0JUIVNRAs4aQrzSpj,ERRO,download() got an unexpected keyword argument 'fuzzy'
https://drive.google.com/open?id=1d42cE53C5jBc_hGWKKPYTQLCTdmKp0S2,ERRO,download() got an unexpected keyword argument 'fuzzy'
https://drive.google.com/open?id=1UTtOSSTGkA5y08Dvmgx_vj3BGye4pbwY,ERRO,download() got an unexpected keyword argument 'fuzzy'
https://drive.google.com/open?id=1RyIcInQLNNZMY87J4-oyx9tNORQt9XYn,ERRO,download() got an unexpected keyword argument 'fuzzy'
https://drive.google.com/open?id=1HX8UbD8sYWNZdHza8UVLl2Q8RL5RZusl,ERRO,download() got an unexpected keyword argument 'fuzzy'
https://drive.google.com/open?id=1WLSQ5J_SJivMqZ6Gjd3lB2aLLoBAnTLy,ERRO,download() got an unexpected keyword argument 'fuzzy'
https://drive.google.com/open?id=1tnXTjA9ZfPTw-9Wjv7rEasSOib7WzvKo,ERRO,download() got an unexpected keyword argument 'fuzzy'
https://drive.google.com/open?id=1uCjBC5hU21HiOwfW8t0I6Y6bTqQwc27G,ERRO,download() got an unexpected keyword argument 'fuzzy'
https://drive.google.com/open?id=11lvvLI_O7BimPlTtYAFZ_4cuBPsTk-eu,ERRO,download() got an unexpected keyword argument 'fuzzy'
https://drive.google.com/open?id=1qzi4pLB40IIusVi-vlLzZG7VcLNHgS6q,ERRO,download() got an unexpected keyword argument 'fuzzy'
https://drive.google.com/open?id=114J6ljjOWbZwclQ5HmboUOYGSFAh9hv9,ERRO,download() got an unexpected keyword argument 'fuzzy'
https://drive.google.com/open?id=1lKXZLN_cuCuLrmH9P4pVn9YvfcCe4YAv,ERRO,download() got an unexpected keyword argument 'fuzzy'
https://drive.google.com/open?id=1ymu62G2orXSLhqHr6IjVvPdczUVZ3Dvz,ERRO,download() got an unexpected keyword argument 'fuzzy'
https://drive.google.com/open?id=167UP-xMEeOyQ5eq1Kcoh4muBebnAedJY,ERRO,download() got an unexpected keyword argument 'fuzzy'
https://drive.google.com/open?id=1LNrHZqY_S0S1OYtL6LBciGLp0CMR0TSF,ERRO,download() got an unexpected keyword argument 'fuzzy'
https://drive.google.com/open?id=1tOyTqh6Yn6xASEOKnILywyBLPf8jWW5X,ERRO,download() got an unexpected keyword argument 'fuzzy'
https://drive.google.com/open?id=13FoPeqdhs9MbQvIQYIdcvHAY74g20TAA,ERRO,download() got an unexpected keyword argument 'fuzzy'
https://drive.google.com/open?id=1vcomx4RXAPpzZNVWa2C-QoBZENJx9f4G,ERRO,download() got an unexpected keyword argument 'fuzzy'
https://drive.google.com/open?id=1nO6h0CQXSFbrMJfi0zfV-lqWeeHiYPsb,ERRO,download() got an unexpected keyword argument 'fuzzy'
https://drive.google.com/open?id=1l7yF-20VN3WYnClzDYLe4dzwgojgtSpZ,ERRO,download() got an unexpected keyword argument 'fuzzy'
https://drive.google.com/open?id=104Y4b97Zqntun__hXG5l0pJY1skkriHq,ERRO,download() got an unexpected keyword argument 'fuzzy'
https://drive.google.com/open?id=1054jhiDasnFWtyMn1qBEEOwIjAzo-Un6,ERRO,download() got an unexpected keyword argument 'fuzzy'
https://drive.google.com/open?id=1YMiH4vHpl0xckStyI0tz-bktZbhuTzar,ERRO,download() got an unexpected keyword argument 'fuzzy'
https://drive.google.com/open?id=1BlmYtPGvqd1KVUjjS34yVdTbBenzWai1,ERRO,download() got an unexpected keyword argument 'fuzzy'
https://drive.google.com/open?id=1Guak9tHtDPOsaE-1lg73olFvkUX3uMp3,ERRO,download() got an unexpected keyword argument 'fuzzy'
https://drive.google.com/open?id=12CG8aXUU8t4cL0l_8Om81Ty27uS32I1a,ERRO,download() got an unexpected keyword argument 'fuzzy'
https://drive.google.com/open?id=1h3I7GuAEFwqD6webOqsmMN4FIa389b7W,ERRO,download() got an unexpected keyword argument 'fuzzy'
https://drive.google.com/open?id=1MQQToJk3sACJAZFc2ngFRxSS8HnyM7De,ERRO,download() got an unexpected keyword argument 'fuzzy'
https://drive.google.com/open?id=1RAliO_KG9qaBj7HNWuX5h-M7RHbkJCLr,ERRO,download() got an unexpected keyword argument 'fuzzy'
https://drive.google.com/open?id=117o9_W4fMAvaigtbCbqPjQ7ExLywOx4o,ERRO,download() got an unexpected keyword argument 'fuzzy'
https://drive.google.com/open?id=1Tls53_gRay45nCKVC7FgBunpKmLgtK1N,ERRO,download() got an unexpected keyword argument 'fuzzy'
https://drive.google.com/open?id=1SK6NdKBZsTy9f1AaLsAagLRUPBTrHBut,ERRO,download() got an unexpected keyword argument 'fuzzy'
https://drive.google.com/open?id=1fL5jq-zc3xwBJu72EEw9nlI1F18s52mj,ERRO,download() got an unexpected keyword argument 'fuzzy'
https://drive.google.com/open?id=1KIW8JoGkoTw6L-bmzXMOmEoL6UGwlbDI,ERRO,download() got an unexpected keyword argument 'fuzzy'
https://drive.google.com/open?id=1C44ipHzK6T3r7l8TPmxsqeeh81SHR1nx,ERRO,download() got an unexpected keyword argument 'fuzzy'
https://drive.google.com/open?id=1cCaiz50GsF3YsPt6xeX79C-1Hb4Kx-sz,ERRO,download() got an unexpected keyword argument 'fuzzy'
https://drive.google.com/open?id=1pr1CjE7kYaIMuulIRJQzLwEKY1d0-bgy,ERRO,download() got an unexpected keyword argument 'fuzzy'
https://drive.google.com/open?id=1fg4tIbV2ZDRyVRU2LRGeyNENSit7ClKD,ERRO,download() got an unexpected keyword argument 'fuzzy'
https://drive.google.com/open?id=1J3AB4ho1e61kSWXJw-PVwtHybw8_EYWn,ERRO,download() got an unexpected keyword argument 'fuzzy'
https://drive.google.com/open?id=1OnA9aMhhV-cv4Cns5aNEDuVm42xsy3ni,ERRO,download() got an unexpected keyword argument 'fuzzy'
https://drive.google.com/open?id=1EA4BLahyL8HyC6naL8Vj-Uxqo2VkQaG3,ERRO,download() got an unexpected keyword argument 'fuzzy'
https://drive.google.com/open?id=19NRdDaICG_ZD6S70K5d3aw66sYQKpIVX,ERRO,download() got an unexpected keyword argument 'fuzzy'
https://drive.google.com/open?id=1d79b67o4y8J1qqpeBaFAu7KFsKGPfFmY,ERRO,download() got an unexpected keyword argument 'fuzzy'
https://drive.google.com/open?id=1K0RW0vNawL6bYjsu2KCyxrqR9wNEtdeL,ERRO,download() got an unexpected keyword argument 'fuzzy'
https://drive.google.com/open?id=1NbbTcu1263Oi_mIjEXttR3p9q0AwJM5s,ERRO,download() got an unexpected keyword argument 'fuzzy'
https://drive.google.com/open?id=1_dbFzjxhgcsU-aV03hrBybyGfw4y2xNg,ERRO,download() got an unexpected keyword argument 'fuzzy'
https://drive.google.com/open?id=1CwojMyRxTvOR51oZr1StgX-OG_7oXxI9,ERRO,download() got an unexpected keyword argument 'fuzzy'
https://drive.google.com/open?id=1MfA9AZQdH9j89AklADBDzIJv6tR-5_WX,ERRO,download() got an unexpected keyword argument 'fuzzy'
https://drive.google.com/open?id=1t8LjcMsxG2oCDvwZk1Hfmi3gdCXO9GxA,ERRO,download() got an unexpected keyword argument 'fuzzy'
https://drive.google.com/open?id=1hJR9jsPfcJCIJIgnnpHstjrW3HBqv48N,ERRO,download() got an unexpected keyword argument 'fuzzy'
https://drive.google.com/open?id=1j4AOEyGi_HJvNTTzyWcXPRIVLOSbvpTZ,ERRO,download() got an unexpected keyword argument 'fuzzy'
https://drive.google.com/open?id=1GAxdaEMD35DXI1tMmwlKhqdVHWzYMHFb,ERRO,download() got an unexpected keyword argument 'fuzzy'
https://drive.google.com/open?id=1g593H5j5FJqJHKALG3m838br4_SkOG_A,ERRO,download() got an unexpected keyword argument 'fuzzy'
https://drive.google.com/open?id=1u-cmhGIxSmaxRLE1tkJ2yHi2La-r5Kca,ERRO,download() got an unexpected keyword argument 'fuzzy'
https://drive.google.com/open?id=1RgEcFVrH0cGnGK6MhNE2kcTbp7K1J-OG,ERRO,download() got an unexpected keyword argument 'fuzzy'
https://drive.google.com/open?id=1v2fx0C_QhSb3qfW8lefMkwYtnfdETqSw,ERRO,download() got an unexpected keyword argument 'fuzzy'
https://drive.google.com/open?id=1RKGPsbBy1ISnDbzsQPO581fhShQX5NMT,ERRO,download() got an unexpected keyword argument 'fuzzy'
https://drive.google.com/open?id=1MoycNUaF7IVzoV8Ya4fnpQxdgoGJY2BR,ERRO,download() got an unexpected keyword argument 'fuzzy'
https://drive.google.com/open?id=12rdIwZABlQ7R4-jHqu7J0N2fiiBr8ug8,ERRO,download() got an unexpected keyword argument 'fuzzy'
https://drive.google.com/open?id=1GMOgU2NAHw_wJa7y8q-p6KM_hGYLCeDP,ERRO,download() got an unexpected keyword argument 'fuzzy'
https://drive.google.com/open?id=1CQ-o6wN3sg9W8tF19xfQ3J_1XSebZwB9,ERRO,download() got an unexpected keyword argument 'fuzzy'
https://drive.google.com/open?id=11tSgL9sSRUBEaYETQBay08lmHzyJ4HsL,ERRO,download() got an unexpected keyword argument 'fuzzy'
https://drive.google.com/open?id=1oMubMFvFEZQzTx9kktFgflGrupDn0pNc,ERRO,download() got an unexpected keyword argument 'fuzzy'
https://drive.google.com/open?id=1ThIpe2T9MdTNWMWo1rXXLLEVZSQBLLFN,ERRO,download() got an unexpected keyword argument 'fuzzy'
https://drive.google.com/open?id=1kWNZv4E0m4uBNQnYj_928Yw2XvpNeVM_,ERRO,download() got an unexpected keyword argument 'fuzzy'
https://drive.google.com/open?id=1pLzezQcfyAz48GoRits_v7RVubkE6DOf,ERRO,download() got an unexpected keyword argument 'fuzzy'
https://drive.google.com/open?id=1WSZNrfyC45zpg2WDlbdubJ35g5MU4NTY,ERRO,download() got an unexpected keyword argument 'fuzzy'
https://drive.google.com/open?id=1Hh5ymG85y-I-je3IaSxwPSusf4JUrjOw,ERRO,download() got an unexpected keyword argument 'fuzzy'
https://drive.google.com/open?id=1eN_f1E4_0791L0_9Z95cKxdSutUHYXGN,ERRO,download() got an unexpected keyword argument 'fuzzy'
https://drive.google.com/open?id=1uafY5oRpYysZFruWh1r3Er-TGU1-P9rY,ERRO,download() got an unexpected keyword argument 'fuzzy'
https://drive.google.com/open?id=1Ep4tCp0BHVy_y57Kp5oA8dxShgTvByjo,ERRO,download() got an unexpected keyword argument 'fuzzy'
https://drive.google.com/open?id=1SYF1i6--O9W6C67mEs58cgTVpR9hT8Op,ERRO,download() got an unexpected keyword argument 'fuzzy'
https://drive.google.com/open?id=1BTJ2DCoubzePJmKHcJ2kxpSi0lLf4e1h,ERRO,download() got an unexpected keyword argument 'fuzzy'
https://drive.google.com/open?id=1FgUoYomuMgYBaGMmsBY0UmnAfPpz94F-,ERRO,download() got an unexpected keyword argument 'fuzzy'
https://drive.google.com/open?id=1dByFZIACEUyyRC4RWueRVL7lyTkt_i9Y,ERRO,download() got an unexpected keyword argument 'fuzzy'
https://drive.google.com/open?id=1lp4D7Rq7FMnSfso76To4fj4-BVaFBX_w,ERRO,download() got an unexpected keyword argument 'fuzzy'
https://drive.google.com/open?id=1JwhwR5zdSmWUKznzV681EDwE4tGUN5pb,ERRO,download() got an unexpected keyword argument 'fuzzy'
https://drive.google.com/open?id=1eS0-3psdEcOMkHBqqAzFFfqh-4pKvZ5o,ERRO,download() got an unexpected keyword argument 'fuzzy'
https://drive.google.com/open?id=13-dtY_10A5-MstCadWPzV3OtBN3q0DUA,ERRO,download() got an unexpected keyword argument 'fuzzy'
https://drive.google.com/open?id=1rbQE2WDvgyMWlXcCKtkpKYxz8Xxojd2-,ERRO,download() got an unexpected keyword argument 'fuzzy'
https://drive.google.com/open?id=1lbrEwSf8J0JiM668gnA3AXyqM80LgPd_,ERRO,download() got an unexpected keyword argument 'fuzzy'
https://drive.google.com/open?id=1Z0EU0KWmS2CLybt3Y2kIe4J8jV6t3jGR,ERRO,download() got an unexpected keyword argument 'fuzzy'
https://drive.google.com/open?id=1Axz-22y3dzJ1k8MokSRsd2tRAYVjDtjs,ERRO,download() got an unexpected keyword argument 'fuzzy'
https://drive.google.com/open?id=1i1tpZCK38w4LvrmumBEuVLJAZGmuWfYS,ERRO,download() got an unexpected keyword argument 'fuzzy'
https://drive.google.com/open?id=1u0VVDDVMhJPgI7OFh09fKdcpRuVfM8rh,ERRO,download() got an unexpected keyword argument 'fuzzy'
https://drive.google.com/open?id=1xLqLKOrQu7DWo4O7HLADBhbvqU5K_k9C,ERRO,download() got an unexpected keyword argument 'fuzzy'
https://drive.google.com/open?id=1D8Xw3TWbcLJghm4CfYeAGyzj5kuTaFm9,ERRO,download() got an unexpected keyword argument 'fuzzy'
https://drive.google.com/open?id=1BX21rhgKpHfUGSVHS1xkCn5cZmp6c4dq,ERRO,download() got an unexpected keyword argument 'fuzzy'
https://drive.google.com/open?id=1RnYQqavd_oJ-MlbbiHqEODEBAbj0yU3k,ERRO,download() got an unexpected keyword argument 'fuzzy'
https://drive.google.com/open?id=1JXl7Uav7bMwGWc9hSGdnl_vg4fLBhyRZ,ERRO,download() got an unexpected keyword argument 'fuzzy'
https://drive.google.com/open?id=1wxxonIRHJop0wmYIlXBaCZS-GTx1153e,ERRO,download() got an unexpected keyword argument 'fuzzy'
https://drive.google.com/open?id=1ZziKwUbpZm9dyy3ZTQfg5dem7zklOdiI,ERRO,download() got an unexpected keyword argument 'fuzzy'
https://drive.google.com/open?id=1kzTdnQ0Bs-UGT2zY5i_kbdqvU6faIsZ3,ERRO,download() got an unexpected keyword argument 'fuzzy'
https://drive.google.com/open?id=1FhLSyhaZecCnA7ps5waENXUqv84WwKUN,ERRO,download() got an unexpected keyword argument 'fuzzy'
https://drive.google.com/open?id=1nP4OIeBYQUxN4bf_x07BaL9LgubjrDaH,ERRO,download() got an unexpected keyword argument 'fuzzy'
https://drive.google.com/open?id=1k0MvsLTVntYmdPVBiQBpnXAKmpmdX8Xh,ERRO,download() got an unexpected keyword argument 'fuzzy'
https://drive.google.com/open?id=1eA_uJDoUAIf8jGXnhizfWNqhNwp0irIe,ERRO,download() got an unexpected keyword argument 'fuzzy'
https://drive.google.com/open?id=1YzM3yjyVJO9QPSFjYZ0kTy5rbbXMasZV,ERRO,download() got an unexpected keyword argument 'fuzzy'
https://drive.google.com/open?id=1yxn__LXlsT5b2RoTWaRdXKq8FFs8tVTB,ERRO,download() got an unexpected keyword argument 'fuzzy'
https://drive.google.com/open?id=1p2ot5QlQJ-d3SipEXEq2p_bLRcyA1E6Q,ERRO,download() got an unexpected keyword argument 'fuzzy'
https://drive.google.com/open?id=1J7bA9qVszLsIjS04h5tKo7uEpOO4ZMDM,ERRO,download() got an unexpected keyword argument 'fuzzy'
https://drive.google.com/open?id=131sDXtRLiVJxZR9FmwGJxGpp9WA0p0Ow,ERRO,download() got an unexpected keyword argument 'fuzzy'
https://drive.google.com/open?id=1AIQs0MPKwVzinXbkC_-1Dfu6O4z1ySm0,ERRO,download() got an unexpected keyword argument 'fuzzy'
https://drive.google.com/open?id=1B7Ntiqu31SezNb4WtfuV8f1VV49kc0eH,ERRO,download() got an unexpected keyword argument 'fuzzy'
https://drive.google.com/open?id=1qcjPiJvdhy-4ppf_gPsGvmqp2zcNY6C5,ERRO,download() got an unexpected keyword argument 'fuzzy'
https://drive.google.com/open?id=1NDwocB6UiLiKlqecVN38nX6OpTVA6Gx9,ERRO,download() got an unexpected keyword argument 'fuzzy'
https://drive.google.com/open?id=1zhhqr-9dEIt1wjtsvpTRtS0VACnLOnL-,ERRO,download() got an unexpected keyword argument 'fuzzy'
https://drive.google.com/open?id=1BfO-wYPHF9cbwcOHsOffD8fBt1ItDCWN,ERRO,download() got an unexpected keyword argument 'fuzzy'
https://drive.google.com/open?id=1JS904qnqX04uzndyaaXwtD8EA5vbZEud,ERRO,download() got an unexpected keyword argument 'fuzzy'
https://drive.google.com/open?id=1QUiIp-lyMdbRv049XMoE_1jJZrrssChu,ERRO,download() got an unexpected keyword argument 'fuzzy'
https://drive.google.com/open?id=1J4J8QhpYliZI0C6M86SXtefpu2DPyRhy,ERRO,download() got an unexpected keyword argument 'fuzzy'
https://drive.google.com/open?id=1iBla3RUzSXVNn0etECv44tjuWtG_muTq,ERRO,download() got an unexpected keyword argument 'fuzzy'
https://drive.google.com/open?id=1ljYyxaLKt_L1PuyeLjxzbgsQWVm6exaO,ERRO,download() got an unexpected keyword argument 'fuzzy'
https://drive.google.com/open?id=1kINh86n1IwRcZKN7cMPnwpcQVM0Xk9sQ,ERRO,download() got an unexpected keyword argument 'fuzzy'
https://drive.google.com/open?id=1S2jXsk5r8TQJ5hovZ8psECRuh0iNZ3pz,ERRO,download() got an unexpected keyword argument 'fuzzy'
https://drive.google.com/open?id=1zCIOmAH-lmbY4agVbPfzM-bh40dh4NxA,ERRO,download() got an unexpected keyword argument 'fuzzy'
https://drive.google.com/open?id=1U9cvCANUDz-yuqINb98nXk1QUbocXwaP,ERRO,download() got an unexpected keyword argument 'fuzzy'
https://drive.google.com/open?id=13yQWOVKn7DTN9aJRI6FOFwCeBf72hPrh,ERRO,download() got an unexpected keyword argument 'fuzzy'
https://drive.google.com/open?id=1s59M-7GchP9shytONubXOc3WLIDCxCOT,ERRO,download() got an unexpected keyword argument 'fuzzy'
https://drive.google.com/open?id=1JqLAwl8iDFMPMOxdP0u9Myx0_Fmp4IgZ,ERRO,download() got an unexpected keyword argument 'fuzzy'
https://drive.google.com/open?id=1es_TpQZBBrKgybFE3GuOCVe5ceb2xDu6,ERRO,download() got an unexpected keyword argument 'fuzzy'
https://drive.google.com/open?id=1AmAfN_KoTdTaKWxf7aot_XSS95Nc5CGj,ERRO,download() got an unexpected keyword argument 'fuzzy'
https://drive.google.com/open?id=1SdQqoINavRIuYKtoVvPsYN0J1NfBJUPj,ERRO,download() got an unexpected keyword argument 'fuzzy'
https://drive.google.com/open?id=1L3XwgDW7GAxQvjlWIRpGN8BBtSAiWdb0,ERRO,download() got an unexpected keyword argument 'fuzzy'
https://drive.google.com/open?id=1x5L7Gp3ayxgbr6984yuEar8NWDJVUIv0,ERRO,download() got an unexpected keyword argument 'fuzzy'
https://drive.google.com/open?id=1tfxw5V9yC7_v227PDwXNBRurlZaxA6Ko,ERRO,download() got an unexpected keyword argument 'fuzzy'
https://drive.google.com/open?id=1adw7dUdr9sEAVERKcZUo0q4l8i5R5LP2,ERRO,download() got an unexpected keyword argument 'fuzzy'
https://drive.google.com/open?id=1uh7DO-btikCoJl-Lv9qM5E1hi6mvADFi,ERRO,download() got an unexpected keyword argument 'fuzzy'
https://drive.google.com/open?id=1hxz30F4wg-AzQhedN6_g6RavyBzoUQhf,ERRO,download() got an unexpected keyword argument 'fuzzy'
https://drive.google.com/open?id=1xEKIUmYL2TtdKxs9QSEQO35bqjNOCT4m,ERRO,download() got an unexpected keyword argument 'fuzzy'
https://drive.google.com/open?id=1rsf9oOz3NiuVj8u_IotP2OC1O93jL7KR,ERRO,download() got an unexpected keyword argument 'fuzzy'
https://drive.google.com/open?id=18ZVARXNj2ppu1LrLEBqAEA-GI3gFhQH9,ERRO,download() got an unexpected keyword argument 'fuzzy'
https://drive.google.com/open?id=1cWhnqL5Hz2pscgC3IeV-yn6ApCVqDSQi,ERRO,download() got an unexpected keyword argument 'fuzzy'
https://drive.google.com/open?id=1Wh3httnSuRUUp7syVv7eV7374fS3hs80,ERRO,download() got an unexpected keyword argument 'fuzzy'
https://drive.google.com/open?id=1x2B9htBT8h4V2sjYMirCeMXqNeGmoAvw,ERRO,download() got an unexpected keyword argument 'fuzzy'
https://drive.google.com/open?id=1DjecKi1zQSEA0B09xbZXZIQGeGCBEY1O,ERRO,download() got an unexpected keyword argument 'fuzzy'
https://drive.google.com/open?id=1BhdzABBVpTkxmw4IHDuJ64eQgpgvTXSd,ERRO,download() got an unexpected keyword argument 'fuzzy'
https://drive.google.com/open?id=15HEjSaiTrQhGquLype9HW874rFm2SABs,ERRO,download() got an unexpected keyword argument 'fuzzy'
https://drive.google.com/open?id=17bat5E-rO5BvJuj5VFkxrGku3sWCm4-J,ERRO,download() got an unexpected keyword argument 'fuzzy'
https://drive.google.com/open?id=1FJ2ABIA7zN81VPK8LLeM2emJvS6PzF6t,ERRO,download() got an unexpected keyword argument 'fuzzy'
https://drive.google.com/open?id=1ItacNaS-sACdpjjzXI9oys_rGpPPb3ro,ERRO,download() got an unexpected keyword argument 'fuzzy'
https://drive.google.com/open?id=1rXPpAgpTzNwIq-lkggEQsATkaCl9H1St,ERRO,download() got an unexpected keyword argument 'fuzzy'
https://drive.google.com/open?id=1r0PHSgBuu_bzbgQG8r7OqhSbWLEiiIno,ERRO,download() got an unexpected keyword argument 'fuzzy'
https://drive.google.com/open?id=1aNQQ-G0ZLFfSDJYuwWP2vM7irZnQoHp2,ERRO,download() got an unexpected keyword argument 'fuzzy'
https://drive.google.com/open?id=198SBkK7Tdq9yALQ4bujtoLCfSf9pYMlW,ERRO,download() got an unexpected keyword argument 'fuzzy'
https://drive.google.com/open?id=1LwCLNbxf7QmsSF2LTLpwRc-9-z2Q5WRH,ERRO,download() got an unexpected keyword argument 'fuzzy'
https://drive.google.com/open?id=1mNy6sACEp5GCpmosL_itAb264KtyhPp3,ERRO,download() got an unexpected keyword argument 'fuzzy'
https://drive.google.com/open?id=1WAGU1hffetGtZtSSMl9blp4VF2C_pMC7,ERRO,download() got an unexpected keyword argument 'fuzzy'
https://drive.google.com/open?id=1rGnCfOsvjsJaAHTMtRpC1azfEe8JYqnP,ERRO,download() got an unexpected keyword argument 'fuzzy'
https://drive.google.com/open?id=1KfNZvzZm5aPN3QVJVQG9cMjbiP3HXlTp,ERRO,download() got an unexpected keyword argument 'fuzzy'
https://drive.google.com/open?id=1wZSdSvwNkIfLx0dBIOWFenBAontjep0V,ERRO,download() got an unexpected keyword argument 'fuzzy'
https://drive.google.com/open?id=1YGtvh-fDpgpn_8FC77_1EZC5RagiLZ5Z,ERRO,download() got an unexpected keyword argument 'fuzzy'
https://drive.google.com/open?id=1QAp9zd2s9Fz3WkKtFgfz1xWycJOc_3hS,ERRO,download() got an unexpected keyword argument 'fuzzy'
https://drive.google.com/open?id=1up8WrfhZ8JYcn8fTNocIiTLRXHf0K_Ju,ERRO,download() got an unexpected keyword argument 'fuzzy'
https://drive.google.com/open?id=1AifgeLq0SzRHxY6yWiwr07kAajjOBhfQ,ERRO,download() got an unexpected keyword argument 'fuzzy'
https://drive.google.com/open?id=1MQeZPxwGsDVmeniAEpzJ7FALd4VIVAB8,ERRO,download() got an unexpected keyword argument 'fuzzy'
https://drive.google.com/open?id=1YF3Mhf8efIHW7GoT4ubMbuLygQebg4kD,ERRO,download() got an unexpected keyword argument 'fuzzy'
https://drive.google.com/open?id=19knq3p-4HmcjE3COtcbk_NHej7NfFaD0,ERRO,download() got an unexpected keyword argument 'fuzzy'
https://drive.google.com/open?id=1vA3mmaLo9_g_SIIadp6pHwXqaocUi_se,ERRO,download() got an unexpected keyword argument 'fuzzy'
https://drive.google.com/open?id=1si1xnghsiDshjuvngSb3S8MgmGYqhoLB,ERRO,download() got an unexpected keyword argument 'fuzzy'
https://drive.google.com/open?id=1a9E5Z_PO9ifc6yV-1KW1GANX8wIJxzm-,ERRO,download() got an unexpected keyword argument 'fuzzy'
https://drive.google.com/open?id=1cu2WwQJeOxQ9q1o2H3DifnwmLTAm6cOm,ERRO,download() got an unexpected keyword argument 'fuzzy'
https://drive.google.com/open?id=1sr93g2_22mvMadEbqAh_8ajxJX-I7v_o,ERRO,download() got an unexpected keyword argument 'fuzzy'
https://drive.google.com/open?id=1SO5i7BHOz8fuiaJsCO5Yr--XmVeKcMtM,ERRO,download() got an unexpected keyword argument 'fuzzy'
https://drive.google.com/open?id=1CruqIQmEbGYQg5cIq-WJMnUhgR7kOJHt,ERRO,download() got an unexpected keyword argument 'fuzzy'
https://drive.google.com/open?id=1KuSdtBoaKa6dSkRzwzqeJXTF-KhJy6o-,ERRO,download() got an unexpected keyword argument 'fuzzy'
https://drive.google.com/open?id=1brMoIR2IhwT-I4zhA3ukwreyB1ChA9YD,ERRO,download() got an unexpected keyword argument 'fuzzy'
https://drive.google.com/open?id=18YCAi2uBF_41wmDaDzeLFqhTg-4V9122,ERRO,download() got an unexpected keyword argument 'fuzzy'
https://drive.google.com/open?id=1GosRO3NaJBx1L9SlhFALJBT4q3ejIZRi,ERRO,download() got an unexpected keyword argument 'fuzzy'
https://drive.google.com/open?id=1Lk-j2uHkzxlAYWJVMQcwUD5zswvKmQ9O,ERRO,download() got an unexpected keyword argument 'fuzzy'
https://drive.google.com/open?id=1ZaNNUKjeG7NUFvvt60mwEE4L46urNuhc,ERRO,download() got an unexpected keyword argument 'fuzzy'
https://drive.google.com/open?id=163Qznzm4gCX00etT2PDRCMlG_sRyg0ZP,ERRO,download() got an unexpected keyword argument 'fuzzy'
https://drive.google.com/open?id=1LLiu3w3vvcXlCSHWMnFWaAwzyfPAKO0G,ERRO,download() got an unexpected keyword argument 'fuzzy'
https://drive.google.com/open?id=1-2n56l5X-wgfoOrKaucGGUWKeuWr4VV2,ERRO,download() got an unexpected keyword argument 'fuzzy'
https://drive.google.com/open?id=1dhGAwEKfs7jaR-B03iblLIAc2wqgnLC_,ERRO,download() got an unexpected keyword argument 'fuzzy'
https://drive.google.com/open?id=1FxPY5XYgcB1PgmQqMlfQPhZaFmeB1Meb,ERRO,download() got an unexpected keyword argument 'fuzzy'
https://drive.google.com/open?id=1bqjC_rkLLoH1U-DXcZUuQel7tH-v7Rgz,ERRO,download() got an unexpected keyword argument 'fuzzy'
https://drive.google.com/open?id=1Pm6KpOddoL1cSMcthoDarcCI9gthrEGP,ERRO,download() got an unexpected keyword argument 'fuzzy'
https://drive.google.com/open?id=1DD1do8eL6u0fOgVwUVg5rG9h_Qp6k82l,ERRO,download() got an unexpected keyword argument 'fuzzy'
https://drive.google.com/open?id=1K-CPOydJEOE_S4DAVo1aB0Dur1hjuLeY,ERRO,download() got an unexpected keyword argument 'fuzzy'
https://drive.google.com/open?id=1dvwu0KZP0aM3SWnJvKvHw6RpFOx-Nbyt,ERRO,download() got an unexpected keyword argument 'fuzzy'
https://drive.google.com/open?id=165q2i4PmkB53ioRHDg6ZlyXtFAJ-28Gs,ERRO,download() got an unexpected keyword argument 'fuzzy'
https://drive.google.com/open?id=1cdXpQYfiDtlbApyEnEVPz2NlbTOuUuwR,ERRO,download() got an unexpected keyword argument 'fuzzy'
https://drive.google.com/open?id=1JDsGFrZCz0f0IKMY78L34CXDyFrvaKBa,ERRO,download() got an unexpected keyword argument 'fuzzy'
https://drive.google.com/open?id=1iPSeprta8D2fzwN2gwaqyuF3dAdYPCf4,ERRO,download() got an unexpected keyword argument 'fuzzy'
https://drive.google.com/open?id=1axuUDbkkw5KPNhRbkSs5AS_a9mjtZdKr,ERRO,download() got an unexpected keyword argument 'fuzzy'
https://drive.google.com/open?id=1ZOZ-NNunxPZeR-NtSRb3NiUpQM4YT0Ak,ERRO,download() got an unexpected keyword argument 'fuzzy'
https://drive.google.com/open?id=1KqW_nU-UFPicOhz8YqwqqhewZBdJ9CAX,ERRO,download() got an unexpected keyword argument 'fuzzy'
https://drive.google.com/open?id=1y5ytJG2R5TZLIf5RJZRtjTUIyM_CI3lX,ERRO,download() got an unexpected keyword argument 'fuzzy'
https://drive.google.com/open?id=13tiCj3ZfXYHV_-9x8_Ftd5fsI2jyu0l0,ERRO,download() got an unexpected keyword argument 'fuzzy'
https://drive.google.com/open?id=1ZlLDvW7z7sivTPAIuziyV9TbO7WgdFzo,ERRO,download() got an unexpected keyword argument 'fuzzy'
https://drive.google.com/open?id=1klbzzTu38bTISW__lYQSKKb5atTNp7M3,ERRO,download() got an unexpected keyword argument 'fuzzy'
https://drive.google.com/open?id=1PVpY4UaXSuCtx6adIvlpNjDj5zrl5DCo,ERRO,download() got an unexpected keyword argument 'fuzzy'
https://drive.google.com/open?id=1DV-KNYWmfAUOtwb4FMNCRC2CrzzSRhNE,ERRO,download() got an unexpected keyword argument 'fuzzy'
https://drive.google.com/open?id=1ayIYXvqmPI_W5ed3cGiU2zTJWbjJ-wny,ERRO,download() got an unexpected keyword argument 'fuzzy'
https://drive.google.com/open?id=1hyhcad2gwFaaFpGFgGxxVaKJFPYQW4pa,ERRO,download() got an unexpected keyword argument 'fuzzy'
https://drive.google.com/open?id=1d_7EZwrKVCN9mGHlgkFRgw4Har7JKSv8,ERRO,download() got an unexpected keyword argument 'fuzzy'
https://drive.google.com/open?id=1WH2ae7ok-kpEYm77NM7eU7VaiDAbusiC,ERRO,download() got an unexpected keyword argument 'fuzzy'
https://drive.google.com/open?id=1TVE3Yc0RqNcP0HZW-PwcwjMBM7yMwsud,ERRO,download() got an unexpected keyword argument 'fuzzy'
https://drive.google.com/open?id=1azvEBXImHB2Sm1LOWdEbv9ZY4YSxCG9p,ERRO,download() got an unexpected keyword argument 'fuzzy'
https://drive.google.com/open?id=1ddqQjcm8TeRxm6WJNgKvos3leUqpE8ZV,ERRO,download() got an unexpected keyword argument 'fuzzy'
https://drive.google.com/open?id=1wj0rQfjV3Y56WyfE8skahzFuYuzYJCLZ,ERRO,download() got an unexpected keyword argument 'fuzzy'
https://drive.google.com/open?id=1C6mrpHEQxnbO65gcvVDt3qIqb4CEezRX,ERRO,download() got an unexpected keyword argument 'fuzzy'
https://drive.google.com/open?id=1Fm0tWBs-0PR5yhq4p2CO8Cp510OyNbFf,ERRO,download() got an unexpected keyword argument 'fuzzy'
https://drive.google.com/open?id=1_q-ht_SjcG9T7_4u1NkVyDb6VIcvEA8m,ERRO,download() got an unexpected keyword argument 'fuzzy'
https://drive.google.com/open?id=11Zq1ZoN32qisROnzBAxRD0bh6wRPoPJn,ERRO,download() got an unexpected keyword argument 'fuzzy'
https://drive.google.com/open?id=1aB3OI8zjGB_tV4QTZhe0BjIBTCb3FpHn,ERRO,download() got an unexpected keyword argument 'fuzzy'
https://drive.google.com/open?id=14xjvBLrLUHmY6z70jK8AThE_EcTSOCsb,ERRO,download() got an unexpected keyword argument 'fuzzy'
https://drive.google.com/open?id=1MKRH7mLPlyq9iPPTK2Z8P5zQD8qOw1kA,ERRO,download() got an unexpected keyword argument 'fuzzy'
https://drive.google.com/open?id=1Q4IpBJG1i99ZgbKt_AGXNVLtnc2WleNJ,ERRO,download() got an unexpected keyword argument 'fuzzy'
https://drive.google.com/open?id=1FGphJWLKFNKla-aLqU7u4ey5WeWCym-u,ERRO,download() got an unexpected keyword argument 'fuzzy'
https://drive.google.com/open?id=1h0qvHDxY8MMJkZQ59i4XYHdEpZYp89vT,ERRO,download() got an unexpected keyword argument 'fuzzy'
https://drive.google.com/open?id=1M6W37T3UYatzKcdNeGx86ELe23LxLeq1,ERRO,download() got an unexpected keyword argument 'fuzzy'
https://drive.google.com/open?id=1yV7rzr8pbO0td_Rt5D0TfgaIC6bUujvj,ERRO,download() got an unexpected keyword argument 'fuzzy'
https://drive.google.com/open?id=1tKhSczbEiRJBl3va9zPUllkk-pb7tqum,ERRO,download() got an unexpected keyword argument 'fuzzy'
https://drive.google.com/open?id=1uGgPUiEFhikbEnyFHwYenC9RkRnO9-A4,ERRO,download() got an unexpected keyword argument 'fuzzy'
https://drive.google.com/open?id=16QDSG_EV8bTgkhUs07HeH0aDsmXUVJHu,ERRO,download() got an unexpected keyword argument 'fuzzy'
https://drive.google.com/open?id=1QHSKBE-nhSwy-hc5wE9ZfOdxHtPIER6V,ERRO,download() got an unexpected keyword argument 'fuzzy'
https://drive.google.com/open?id=1dVmCP_M96LAtbammcI108Wu8E0VsANkS,ERRO,download() got an unexpected keyword argument 'fuzzy'
https://drive.google.com/open?id=1XhI3iFnRm0wQJfxOo2jd70-Dn7oRhP7U,ERRO,download() got an unexpected keyword argument 'fuzzy'
https://drive.google.com/open?id=192VD5Fq6yXaVFg4WfnNjdMPwMDCNb68t,ERRO,download() got an unexpected keyword argument 'fuzzy'
https://drive.google.com/open?id=1ZnfrOx5dpf8VFvFH0gKELS1mXv_GlEjH,ERRO,download() got an unexpected keyword argument 'fuzzy'
https://drive.google.com/open?id=1JHz8q89x3PLYGFOVVc2ji1obw8wFwIHI,ERRO,download() got an unexpected keyword argument 'fuzzy'
https://drive.google.com/open?id=1xK2YlmvzqRBKJIM_hs9JRWhZ8-xaTV_i,ERRO,download() got an unexpected keyword argument 'fuzzy'
https://drive.google.com/open?id=17SYf2BdeMTKP-g2strSL6e3CzEJO2Ho2,ERRO,download() got an unexpected keyword argument 'fuzzy'
https://drive.google.com/open?id=1mwPCg7CqFAeDdI5MBKklWKj4EGfyA5zh,ERRO,download() got an unexpected keyword argument 'fuzzy'
https://drive.google.com/open?id=1wlSi6cnwW4KD_jV9iYJQIAeHeEFTMwkZ,ERRO,download() got an unexpected keyword argument 'fuzzy'
https://drive.google.com/open?id=1v4KCw4s3HryEjwIV07lCYRlWPxCIN1S0,ERRO,download() got an unexpected keyword argument 'fuzzy'
https://drive.google.com/open?id=1xeqERy4pFBfen-CpYbUx6AxdihX5Gw6N,ERRO,download() got an unexpected keyword argument 'fuzzy'
https://drive.google.com/open?id=1eMc9cbJxFLSYqT3VKJrPKDdst-HK46Yt,ERRO,download() got an unexpected keyword argument 'fuzzy'
https://drive.google.com/open?id=1CBysiFxJm8-WikmB12gM4RS8ghbUei6V,ERRO,download() got an unexpected keyword argument 'fuzzy'
https://drive.google.com/open?id=1UBBhyiXGHdS_dUF8EGDZJaf6VWm8Pp6L,ERRO,download() got an unexpected keyword argument 'fuzzy'
https://drive.google.com/open?id=1x6X33OkqlpJuot6r6CQL1mgwJTJyS3GF,ERRO,download() got an unexpected keyword argument 'fuzzy'
https://drive.google.com/open?id=1dCWxzH_sZb1QqphK7DAigISBCV6fT_Zc,ERRO,download() got an unexpected keyword argument 'fuzzy'
https://drive.google.com/open?id=1TVP4K_mI-OPaxG2STdn1_Km7Lk_j2P0p,ERRO,download() got an unexpected keyword argument 'fuzzy'
https://drive.google.com/open?id=1NNL0D89e_HW8jbUtVadCDFBsg3NCT_Rk,ERRO,download() got an unexpected keyword argument 'fuzzy'
https://drive.google.com/open?id=1x9dSJaNsYYF0ZFxn6d7Gnwq12mGrX3ti,ERRO,download() got an unexpected keyword argument 'fuzzy'
https://drive.google.com/open?id=1IW4Ld6Kkv-LBg1OkJ2QM8OaNc7re7RXm,ERRO,download() got an unexpected keyword argument 'fuzzy'
https://drive.google.com/open?id=1CzxKZPApLqbM2EdyrTN75pjUfga3dMmw,ERRO,download() got an unexpected keyword argument 'fuzzy'
https://drive.google.com/open?id=1nLGjr2jkQxSku4S6mSO8C1UPn3UfQYN1,ERRO,download() got an unexpected keyword argument 'fuzzy'
https://drive.google.com/open?id=1vXhYlN5HdzDsi_NLyvQPHoNSq4z85eHD,ERRO,download() got an unexpected keyword argument 'fuzzy'
https://drive.google.com/open?id=14Dm8SBqoU9zUthoFfrSpZbeN3d6d-KIA,ERRO,download() got an unexpected keyword argument 'fuzzy'
https://drive.google.com/open?id=1e_iXY4p-RtYdtkwKa-QgHvXy8AfVJ7lU,ERRO,download() got an unexpected keyword argument 'fuzzy'
https://drive.google.com/open?id=1U_xAByK87gqrotEOlbf5iY8GyA8tYZK-,ERRO,download() got an unexpected keyword argument 'fuzzy'
https://drive.google.com/open?id=12lSKaxOxYfn48bac-YBJINI57Ucu1Yx5,ERRO,download() got an unexpected keyword argument 'fuzzy'
https://drive.google.com/open?id=1FBnw0LJ-xLLG3SIMpOtao4H0FM8DoSj7,ERRO,download() got an unexpected keyword argument 'fuzzy'
https://drive.google.com/open?id=1EohVhtHmL22k0bTUfbXz_MMc0p5_yFaQ,ERRO,download() got an unexpected keyword argument 'fuzzy'
https://drive.google.com/open?id=1lSznhxSudbfaVeISrWhkCPDHm9EqFbyw,ERRO,download() got an unexpected keyword argument 'fuzzy'
https://drive.google.com/open?id=1WIYKv52PDYnvY8SbChXXYn_tbwjgMCET,ERRO,download() got an unexpected keyword argument 'fuzzy'
https://drive.google.com/open?id=1C5S-JE0Ui6Q00iSvPcMpYsqfQ47pWw30,ERRO,download() got an unexpected keyword argument 'fuzzy'
https://drive.google.com/open?id=1KmEUFWaoji96QviqV0rvB9rYECxu768a,ERRO,download() got an unexpected keyword argument 'fuzzy'
https://drive.google.com/open?id=1DO7e9sqMw0vCTBN0ZtgXcOJs55wts6f3,ERRO,download() got an unexpected keyword argument 'fuzzy'
https://drive.google.com/open?id=1ixEbrNiXpS4kPEj-p-69FcX_IKVIyfpN,ERRO,download() got an unexpected keyword argument 'fuzzy'
https://drive.google.com/open?id=10JdQ7a7-2UKAsKAZl_n9kI4z9gaNSvHW,ERRO,download() got an unexpected keyword argument 'fuzzy'
https://drive.google.com/open?id=1qWeIZ6PPqAY0h0nueFFmuJ5L9MbANMf6,ERRO,download() got an unexpected keyword argument 'fuzzy'
https://drive.google.com/open?id=1aBDqv-YX8Nlv6jD3A2X6Rp2TDpDHDXFR,ERRO,download() got an unexpected keyword argument 'fuzzy'
https://drive.google.com/open?id=1BTrEKkgvfK47_k2QY78qOPUgRWjXdNWs,ERRO,download() got an unexpected keyword argument 'fuzzy'
https://drive.google.com/open?id=1eG8RelXxJIXwva5-RqV55uZ2xvvCThCe,ERRO,download() got an unexpected keyword argument 'fuzzy'
https://drive.google.com/open?id=13V4Q19kypldFPD3kFv7vd-JEvJJWWoei,ERRO,download() got an unexpected keyword argument 'fuzzy'
https://drive.google.com/open?id=1o7UnHbcytE0llEGVJDg4gNfJ2IlWE3Z9,ERRO,download() got an unexpected keyword argument 'fuzzy'
https://drive.google.com/open?id=1l3XPtx4o5J6TNwEaC1ahPgNtGT9vVlal,ERRO,download() got an unexpected keyword argument 'fuzzy'
https://drive.google.com/open?id=1uDHXnyt_qOqWKpRNOkCwjPg2RfSvH5TG,ERRO,download() got an unexpected keyword argument 'fuzzy'
https://drive.google.com/open?id=1_IXZXaOhNYfsOx3pnZnKnAiF2-jvOSqA,ERRO,download() got an unexpected keyword argument 'fuzzy'
https://drive.google.com/open?id=1hHhjK8ffEHkGmAPQs0q0h4Zzim5VtAR0,ERRO,download() got an unexpected keyword argument 'fuzzy'
https://drive.google.com/open?id=1dWL1_4shWmB_LgJ1JOHlJwomIZtioukO,ERRO,download() got an unexpected keyword argument 'fuzzy'
https://drive.google.com/open?id=1xHSPxHzdUaCgA_f5ImICw9V9Df_qqzo7,ERRO,download() got an unexpected keyword argument 'fuzzy'
https://drive.google.com/open?id=1QobFyCeIVs3A9HZpmWmHbhVEa2AOozx9,ERRO,download() got an unexpected keyword argument 'fuzzy'
https://drive.google.com/open?id=1TgJMgVGO84SNX25W6IW5RPV4q-I8bgbH,ERRO,download() got an unexpected keyword argument 'fuzzy'
https://drive.google.com/open?id=1rcbLwznnZPKpmmZQXnNhimtw9dZBMiMz,ERRO,download() got an unexpected keyword argument 'fuzzy'
https://drive.google.com/open?id=1voq3tl-rtX4Pg9OsoMjeUXKGaDF80UFX,ERRO,download() got an unexpected keyword argument 'fuzzy'
https://drive.google.com/open?id=1uFvYO9nM0fofm5lZklh7Z7ntyM9R-6Wy,ERRO,download() got an unexpected keyword argument 'fuzzy'
https://drive.google.com/open?id=1QPiQLAaoXsOlpc3X1YtUCKnNC6mvwUCb,ERRO,download() got an unexpected keyword argument 'fuzzy'
https://drive.google.com/open?id=1HOBmomGz-3fLp2TlJJrwXi6LpqrxFO7x,ERRO,download() got an unexpected keyword argument 'fuzzy'
https://drive.google.com/open?id=1qNv8d4TAqefj8Tp5CnCxnmH3Uqb9vRvg,ERRO,download() got an unexpected keyword argument 'fuzzy'
https://drive.google.com/open?id=1vXHrS2t5Qjbi2j-0f2fkuikXoV7SSy6Q,ERRO,download() got an unexpected keyword argument 'fuzzy'
https://drive.google.com/open?id=1S8OlKdZOuL76MbtitdeM-KD2ncrYBxiG,ERRO,download() got an unexpected keyword argument 'fuzzy'
https://drive.google.com/open?id=1VfDAr4wYg_T61g_GDKV5PCFOKisqVV7Z,ERRO,download() got an unexpected keyword argument 'fuzzy'
https://drive.google.com/open?id=1d6GBKX7QxOgSBhSBCZ5mc0KU89phhTmU,ERRO,download() got an unexpected keyword argument 'fuzzy'
https://drive.google.com/open?id=1QnpKj1o9rZOr_fpyAfAueT0rLE0P2bNY,ERRO,download() got an unexpected keyword argument 'fuzzy'
https://drive.google.com/open?id=191Q-LFMnOGaGV-Sn6fcew5EJIDZ-s7jl,ERRO,download() got an unexpected keyword argument 'fuzzy'
https://drive.google.com/open?id=1CoUEXotyi3NyqJWxjS02D-wM0mgfmqSQ,ERRO,download() got an unexpected keyword argument 'fuzzy'
https://drive.google.com/open?id=1YfMd5jUMGRDh6MJxYOmCokvsHzuokytf,ERRO,download() got an unexpected keyword argument 'fuzzy'
https://drive.google.com/open?id=1ghXHNKe6STw39GHz2cN0MELk60uSj6Xm,ERRO,download() got an unexpected keyword argument 'fuzzy'
https://drive.google.com/open?id=1AHoROrNccX18UPP2a31h3G4GH0bBd_3P,ERRO,download() got an unexpected keyword argument 'fuzzy'
https://drive.google.com/open?id=1ExGpLEgHQgyOWVPseNk470KjO-E9WGPe,ERRO,download() got an unexpected keyword argument 'fuzzy'
https://drive.google.com/open?id=1hBAzFRKHnVznOnP7ywiLxCOeUV9x4Rvo,ERRO,download() got an unexpected keyword argument 'fuzzy'
https://drive.google.com/open?id=1x528tLXWSPco5iENEjnaClkEjPgFBthe,ERRO,download() got an unexpected keyword argument 'fuzzy'
https://drive.google.com/open?id=1W8ksO5w4QRBdkBteKx4UqfYR54U_Z7H4,ERRO,download() got an unexpected keyword argument 'fuzzy'
https://drive.google.com/open?id=1LGebL_dfGAmwU1NOalobe7JnIN7OGKES,ERRO,download() got an unexpected keyword argument 'fuzzy'
https://drive.google.com/open?id=1SSp6Nwt3UMEb_6HqRAdio5v1pa1MiZqQ,ERRO,download() got an unexpected keyword argument 'fuzzy'
https://drive.google.com/open?id=1ObaqQauOcnH_u43iyJtqKzk9Q9hzqu46,ERRO,download() got an unexpected keyword argument 'fuzzy'
https://drive.google.com/open?id=1uDy_FJDZUzcJh7wR5jBclWgbhT5hlP9Y,ERRO,download() got an unexpected keyword argument 'fuzzy'
https://drive.google.com/open?id=1nxVyjF3KiH4eDDZKJahZYSimoS0a7VT5,ERRO,download() got an unexpected keyword argument 'fuzzy'
https://drive.google.com/open?id=1-AMMFSp3QSPhvPF8ZqCS7ie3kXFmHZB3,ERRO,download() got an unexpected keyword argument 'fuzzy'
https://drive.google.com/open?id=1TGHdh77HPBhFAOkU60NoSee5l00SF0Da,ERRO,download() got an unexpected keyword argument 'fuzzy'
https://drive.google.com/open?id=11DxtboW4NOtP4K1eE1EDXMrN33yOpXov,ERRO,download() got an unexpected keyword argument 'fuzzy'
https://drive.google.com/open?id=1oh12gPQwlWTJ-mIYfTmkIYbhZJ754zTF,ERRO,download() got an unexpected keyword argument 'fuzzy'
https://drive.google.com/open?id=1pPD_0c6YgWHbuqz1vi8L8jTbxhBE3Wcf,ERRO,download() got an unexpected keyword argument 'fuzzy'
https://drive.google.com/open?id=1WRZ6zKEFzEb4v2oI0ZSoCvRsIzPtPK1x,ERRO,download() got an unexpected keyword argument 'fuzzy'
https://drive.google.com/open?id=1AaixykbeWWJNAFyjiDZbdIVbitgL9g-l,ERRO,download() got an unexpected keyword argument 'fuzzy'
https://drive.google.com/open?id=1GaKaDbAsUDZvHD1XmsIEKA3QxMplLBP7,ERRO,download() got an unexpected keyword argument 'fuzzy'
https://drive.google.com/open?id=1bZDSfI1PswTMRusnI4Epo2DWzsR6Q-PR,ERRO,download() got an unexpected keyword argument 'fuzzy'
https://drive.google.com/open?id=1qSmJP9X4_WWjmqPry1rSijmYyWlXywlW,ERRO,download() got an unexpected keyword argument 'fuzzy'
https://drive.google.com/open?id=1sjku4dywpaMmiQ4BnqR3s1y3dn44N8As,ERRO,download() got an unexpected keyword argument 'fuzzy'
https://drive.google.com/open?id=19V9Zl7SEexJIsNZ2VKBPMlK4po5_t6bl,ERRO,download() got an unexpected keyword argument 'fuzzy'
https://drive.google.com/open?id=1WKmFiUK8gDzbe2Do_JF2Fdu7xx30AakK,ERRO,download() got an unexpected keyword argument 'fuzzy'
https://drive.google.com/open?id=15iojkJksEGn9d_6jBI73lHiSmpNogBaC,ERRO,download() got an unexpected keyword argument 'fuzzy'
https://drive.google.com/open?id=10PAIXofREwHpyO7TBNbZM3eecIdtqx3J,ERRO,download() got an unexpected keyword argument 'fuzzy'
https://drive.google.com/open?id=1b3YCYP2VmvhQsvdY1dC9YsaKCnwfZR30,ERRO,download() got an unexpected keyword argument 'fuzzy'
https://drive.google.com/open?id=1F-ducx07I-iVsqhBywv5V32bu__nN-aH,ERRO,download() got an unexpected keyword argument 'fuzzy'
https://drive.google.com/open?id=16JdyMBiRPEOiFxD0aGzC9sHwaAFgivH_,ERRO,download() got an unexpected keyword argument 'fuzzy'
https://drive.google.com/open?id=1yzrd6iN3BJ8kNGW1rrtF2gy4K4_VY8kZ,ERRO,download() got an unexpected keyword argument 'fuzzy'
https://drive.google.com/open?id=1haG0DnhfRiinAv26S3kN-0XQU1ZvElLY,ERRO,download() got an unexpected keyword argument 'fuzzy'
https://drive.google.com/open?id=1ND8THYRX2XcqCowy7F3pFt7BLYFarc8y,ERRO,download() got an unexpected keyword argument 'fuzzy'
https://drive.google.com/open?id=1tFGlN95ikNu4qu1KXeI7DOMSw-EqMzXF,ERRO,download() got an unexpected keyword argument 'fuzzy'
https://drive.google.com/open?id=10z-zkRG9nI776V_DNeCkMHIE778A-Psk,ERRO,download() got an unexpected keyword argument 'fuzzy'
https://drive.google.com/open?id=1sdtsPO7UIPJ41c_Bds57HYDDzNUZ4dlz,ERRO,download() got an unexpected keyword argument 'fuzzy'
https://drive.google.com/open?id=179rv-OXSISm2veZc4fktR6UJy1lV-uTK,ERRO,download() got an unexpected keyword argument 'fuzzy'
https://drive.google.com/open?id=1oII2uozcP0vZbXkCPP0U8hagrnq3NkjI,ERRO,download() got an unexpected keyword argument 'fuzzy'
https://drive.google.com/open?id=1cQDhlgTv7hlRur8xuoyC63R41rPMId7_,ERRO,download() got an unexpected keyword argument 'fuzzy'
https://drive.google.com/open?id=1Lz8fcmu0f-apNyj1IVUIDmyIxuo4Bcdl,ERRO,download() got an unexpected keyword argument 'fuzzy'
https://drive.google.com/open?id=1Hid3mRxiohOykRjBm5uHz9UShIYnitzJ,ERRO,download() got an unexpected keyword argument 'fuzzy'
https://drive.google.com/open?id=1TBF4_jyFUz_ckljrnwjFEJykP8ZShKiy,ERRO,download() got an unexpected keyword argument 'fuzzy'
https://drive.google.com/open?id=1KyfdQb6lL5n7CkciKmnF5aS_ErggqOrS,ERRO,download() got an unexpected keyword argument 'fuzzy'
https://drive.google.com/open?id=1anSA7Q-j3qK1HQduqp4dLuBPRMGFLO-m,ERRO,download() got an unexpected keyword argument 'fuzzy'
https://drive.google.com/open?id=1TLHdSpD5b-44B1aEhzL52LvpEwHzrUAi,ERRO,download() got an unexpected keyword argument 'fuzzy'
https://drive.google.com/open?id=1mk92lofr42fZ9ZScv-8cTW_z6SpNXJLX,ERRO,download() got an unexpected keyword argument 'fuzzy'
https://drive.google.com/open?id=13gkaPMvloEumOFUTQz92_X3f1bXVlR0B,ERRO,download() got an unexpected keyword argument 'fuzzy'
https://drive.google.com/open?id=1ukH92tmMrL6E9GcFyVoA6Xhp0wbxSv1o,ERRO,download() got an unexpected keyword argument 'fuzzy'
https://drive.google.com/open?id=1stIng1d4O78LMSDSQIJTklLQaDttSNHb,ERRO,download() got an unexpected keyword argument 'fuzzy'
https://drive.google.com/open?id=1yx48MJ54RhCLTEe1-WEsb8Zd53hP7e7u,ERRO,download() got an unexpected keyword argument 'fuzzy'
https://drive.google.com/open?id=1N3hEkKTEF7Xs4yNIJDArFMjj-hb3aK-m,ERRO,download() got an unexpected keyword argument 'fuzzy'
https://drive.google.com/open?id=1ah801AIA3TcnJ-SNxUsqzGx5iXabxJ8F,ERRO,download() got an unexpected keyword argument 'fuzzy'
https://drive.google.com/open?id=1YQI9y-5Er6TzuLr6DWPsKzSZKHTnYRYw,ERRO,download() got an unexpected keyword argument 'fuzzy'
https://drive.google.com/open?id=1sW6Mssl6DlKiY5tbqfUvmAFsQWqeFoS1,ERRO,download() got an unexpected keyword argument 'fuzzy'
https://drive.google.com/open?id=16b7oCHi-hCDm5-X4qc9LzA8PDOdO4RmY,ERRO,download() got an unexpected keyword argument 'fuzzy'
https://drive.google.com/open?id=1V7rs5qtl9BXrPH6CRa3fJfuxpnKecEz0,ERRO,download() got an unexpected keyword argument 'fuzzy'
https://drive.google.com/open?id=1Zti5d0RuEV_WagPQV7v5Jx8NUqvo5Yof,ERRO,download() got an unexpected keyword argument 'fuzzy'
https://drive.google.com/open?id=1RkWRuXmhXCkrZGp39OEyOXrKL8AZMUcf,ERRO,download() got an unexpected keyword argument 'fuzzy'
https://drive.google.com/open?id=18XhVNBBDOUAmMyu-U63kNWlYdO62aw6G,ERRO,download() got an unexpected keyword argument 'fuzzy'
https://drive.google.com/open?id=1hJw_8gIj-oJwAGu7s2-QUoJjghYiXeOf,ERRO,download() got an unexpected keyword argument 'fuzzy'
https://drive.google.com/open?id=1FUu863-TGdjk7pa-vYEFo_syBGpu6aaG,ERRO,download() got an unexpected keyword argument 'fuzzy'
https://drive.google.com/open?id=1XPoIdTIsMr7Zfz9dOTCjoboEIo47YOZR,ERRO,download() got an unexpected keyword argument 'fuzzy'
https://drive.google.com/open?id=125XO4CzuOxW6O0WNDnn186s31sXM-4ge,ERRO,download() got an unexpected keyword argument 'fuzzy'
https://drive.google.com/open?id=1Zc8MlzhP-A8BHUIzyr37KMX_Rc-zC0UT,ERRO,download() got an unexpected keyword argument 'fuzzy'
https://drive.google.com/open?id=12_Rc-7Lk7O9J0dLPTeT4undC5_-jiJWT,ERRO,download() got an unexpected keyword argument 'fuzzy'
https://drive.google.com/open?id=12Oooek_980WasxU9kIjVDsmGZ8OBacTS,ERRO,download() got an unexpected keyword argument 'fuzzy'
https://drive.google.com/open?id=1U__QSHD7ox7tp5IvBZ2LdF-iojslu7fX,ERRO,download() got an unexpected keyword argument 'fuzzy'
https://drive.google.com/open?id=1yDKWkHnZstn76qkoAGmci43ULjylv5Ck,ERRO,download() got an unexpected keyword argument 'fuzzy'
https://drive.google.com/open?id=1X2VlEMdbpJrzKXsaHPsN3Hj-2zUTJgTU,ERRO,download() got an unexpected keyword argument 'fuzzy'
https://drive.google.com/open?id=1osGSET5LrD9wjkTPG7hvzUvkP-uPqVPK,ERRO,download() got an unexpected keyword argument 'fuzzy'
https://drive.google.com/open?id=15CEMcsGjaneou3FxG_2D9mzdvothcBxx,ERRO,download() got an unexpected keyword argument 'fuzzy'
https://drive.google.com/open?id=1P6Tyg4HphPOE8B_FG7wrW9eIyDHJ0sUT,ERRO,download() got an unexpected keyword argument 'fuzzy'
https://drive.google.com/open?id=16dFrM_bOfC5NRm4TacTTlH_sjIqQDtyJ,ERRO,download() got an unexpected keyword argument 'fuzzy'
https://drive.google.com/open?id=1RM-QPpz5KEs_rNr2O5PZXmGx21f3JUih,ERRO,download() got an unexpected keyword argument 'fuzzy'
https://drive.google.com/open?id=15Al9qtLgFmUP5_2JkjgTJzAroar4n-dL,ERRO,download() got an unexpected keyword argument 'fuzzy'
https://drive.google.com/open?id=1FE-A0jPB2K3uz20higT1xcJsSj-8JTQE,ERRO,download() got an unexpected keyword argument 'fuzzy'
